<Accounts>
    <USER>
        <NAME>CJ</NAME>
        <PASSWORD>acY/o3FxEfe9bQ+Ih8CC9UihoTM5mTM+M+ZxTfX85Tk=</PASSWORD>
    </USER>
    <USER>
        <NAME>Joshua</NAME>
        <PASSWORD>acY/o3FxEfe9bQ+Ih8CC9UihoTM5mTM+M+ZxTfX85Tk=</PASSWORD>
    </USER>
    <USER>
        <NAME>Carl</NAME>
        <PASSWORD>acY/o3FxEfe9bQ+Ih8CC9UihoTM5mTM+M+ZxTfX85Tk=</PASSWORD>
    </USER>
    <USER>
        <NAME>321</NAME>
        <PASSWORD>e/6ZsN0AYIoKTpDxDXvEM+NTbO5b+vxjcSoIUiqumjI=</PASSWORD>
    </USER>
    <USER>
        <NAME>123</NAME>
        <PASSWORD>w8xeHCXdYb/9j3hihSwftpuCpXh+3hRtkvKMVt8hhvY=</PASSWORD>
    </USER>
    <USER>
        <NAME>jie</NAME>
        <PASSWORD>1D8rpuTd7W7YbtyBNPzqfoi15lOUVKbmQWpYhkdDJ50=</PASSWORD>
    </USER>
    <USER>
        <NAME>ivan</NAME>
        <PASSWORD>FTYkbaXsz0OTYPlKYZqn/gvybypOJQ7I2VVEh3gRs6g=</PASSWORD>
    </USER>
    <USER>
        <NAME>jesson</NAME>
        <PASSWORD>w8xeHCXdYb/9j3hihSwftpuCpXh+3hRtkvKMVt8hhvY=</PASSWORD>
    </USER>
</Accounts>
