<Bookmarks>
    <ACCOUNT USER="Joshua">
        <GROUP_CHAT>sdfsdf</GROUP_CHAT>
        <GROUP_CHAT>sfasdf</GROUP_CHAT>
    </ACCOUNT>
    <ACCOUNT USER="jesson">
        <GROUP_CHAT>OK</GROUP_CHAT>
    </ACCOUNT>
    <ACCOUNT USER="123">
        <GROUP_CHAT>BOOMER</GROUP_CHAT>
        <GROUP_CHAT>OK</GROUP_CHAT>
    </ACCOUNT>
    <ACCOUNT USER="321">
        <GROUP_CHAT>BOOMER</GROUP_CHAT>
        <GROUP_CHAT>Yaeh</GROUP_CHAT>
        <GROUP_CHAT>TEST1</GROUP_CHAT>
    </ACCOUNT>
    <ACCOUNT USER="jie">
        <GROUP_CHAT>BOOMER</GROUP_CHAT>
        <GROUP_CHAT>OK</GROUP_CHAT>
        <GROUP_CHAT>asdfasfasfas</GROUP_CHAT>
        <GROUP_CHAT>asdfffffff</GROUP_CHAT>
    </ACCOUNT>
</Bookmarks>
