<Bookmarks>
    <ACCOUNT USER="Joshua">
        <MARKED>Joshua2</MARKED>
        <MARKED>jie</MARKED>
        <MARKED>jesson</MARKED>
    </ACCOUNT>
    <ACCOUNT USER="321">
        <MARKED>1</MARKED>
        <MARKED>01100101 01111000 01101001 01110100</MARKED>
        <MARKED>2</MARKED>
    </ACCOUNT>
    <ACCOUNT USER="123">
        <MARKED>2</MARKED>
    </ACCOUNT>
    <ACCOUNT USER="Joshua2">
        <MARKED>Joshua</MARKED>
        <MARKED>321</MARKED>
        <MARKED>ivan</MARKED>
        <MARKED>jesson</MARKED>
        <MARKED>jie</MARKED>
    </ACCOUNT>
</Bookmarks>
